annotation_id,query_row,query_image_path,candidate_image_path,submitted_caption,candidate_caption,candidate_title,event_label,confidence_score,annotation_confidence,annotation_note,web_checked,web_evidence_note,needs_review,review_status
A0067,134,visual_news/origin/guardian/images/0763/450.jpg,visual_news/origin/bbc/images/0359/681.jpg,Thai Prime Minister Yingluck Shinawatra has faced widespread opposition in recent weeks,Bloomberg published an investigative report into Xi Jinping s family last year,Will China expel foreign journalists?,RELATED_DIFFERENT_EVENT,58,LOW,same person; both capture occasions unresolved,True,Capture occurrence unspecified. https://www.theguardian.com/world/2016/jan/13/china-human-rights-crackdown-arrest-peter-dahlin-swedish-activist,True,REVIEW
A0068,134,visual_news/origin/guardian/images/0763/450.jpg,visual_news/origin/bbc/images/0068/382.jpg,Thai Prime Minister Yingluck Shinawatra has faced widespread opposition in recent weeks,Among Mr Xi s visits is a tour of the Boeing plane factory in Washington state,China's President Xi Jinping begins US state visit in Seattle,RELATED_DIFFERENT_EVENT,62,LOW,same person; portrait capture occasion unresolved,True,Capture occurrence unspecified. https://www.theguardian.com/world/2016/jan/13/china-human-rights-crackdown-arrest-peter-dahlin-swedish-activist,True,REVIEW
A0263,144,visual_news/origin/usa_today/images/0064/967.jpg,visual_news/origin/washington_post/images/0596/198.jpg,Seattle Seahawks running back Marshawn Lynch celebrates after scoring a touchdown against the Green Bay Packers during the second quarter at CenturyLink Field,Will Ray Rice play in the NFL again,"As the Ravens return to NFL action, many fans in Baltimore show support for Ray Rice",RELATED_DIFFERENT_EVENT,63,LOW,same Ravens player; portrait match remains unidentified,True,Publisher/video searches did not establish the portrait match: https://www.si.com/nfl/video/2014/09/09/will-ray-rice-ever-play-nfl-again,True,REVIEW
A0342,160,visual_news/origin/guardian/images/0162/077.jpg,visual_news/origin/guardian/images/0352/805.jpg,IP workshops have already taken place in many Maasai communities,A video by Boko Haram a terrorist network in Nigeria,"'There is no silver bullet': Isis, al-Qaida and the myths of terrorism",RELATED_DIFFERENT_EVENT,76,MEDIUM,same armed group; video statement occasion unresolved,True,"Original article identifies the group, not the recording occasion: https://www.theguardian.com/world/2015/aug/19/isis-al-qaida-myths-terrorism-war-mistakes-9-11",True,REVIEW
A0137,26,visual_news/origin/washington_post/images/0494/711.jpg,visual_news/origin/bbc/images/0350/970.jpg,A supporter of Venezuelan President Hugo Chavez sits on the hood of his car as he listens during a campaign rally in Acarigua in the state of Portuguesa,Mr Chavez s supporters have been expecting news about his return from Cuba,"Hugo Chavez joking and laughing, says Venezuela minister",RELATED_DIFFERENT_EVENT,77,MEDIUM,"Chavez supporters, different scene; candidate capture date unverified",True,Recovery report found; photo occurrence remains unspecified. https://www.standard.co.uk/panewsfeeds/hugo-chavez-joking-and-laughing-8461036.html,True,REVIEW
A0203,182,visual_news/origin/washington_post/images/0292/333.jpg,visual_news/origin/guardian/images/0643/674.jpg,David Cameron arrives at Corsham school in Wiltshire to kick off the Tories general election campaign,David Cameron is expected to appear at Downing Street to outline constitutional reforms in the wake of the Scotland referendum result,Scottish referendum: David Cameron and the Queen seek to ease tensions,RELATED_DIFFERENT_EVENT,77,MEDIUM,different speech setting; archive occasion unverified,True,Original caption does not date the pictured speech: https://www.theguardian.com/politics/2014/sep/19/scotland-independence-david-cameron-queen-address-tension,True,REVIEW
A0109,147,visual_news/origin/washington_post/images/0376/220.jpg,visual_news/origin/washington_post/images/0077/673.jpg,From the left Thomas Ulsrud Torgor Nergard Christoffer Svae and Havard Vad Petersson wear their crazy funky Olympic outfits,No blanket ban on Russians for Rio Olympics,IOC decides not to ban full Russian team from Rio Olympics,RELATED_DIFFERENT_EVENT,78,MEDIUM,Russian Rio eligibility decision versus podium; photo occurrence unclear,True,July 24 eligibility announcement; photo capture unspecified. https://www.washingtonpost.com/news/sports/wp/2016/07/24/ioc-decides-against-complete-ban-of-russian-team-from-rio-olympics/,True,REVIEW
A0199,182,visual_news/origin/washington_post/images/0292/333.jpg,visual_news/origin/guardian/images/0295/826.jpg,David Cameron arrives at Corsham school in Wiltshire to kick off the Tories general election campaign,David Cameron is playing an active role in Europe s response to Russian aggression says Downing Street,Downing Street denies Cameron is ‘diplomatic irrelevance’ in Ukraine talks,RELATED_DIFFERENT_EVENT,78,MEDIUM,"same person, different setting; archive occasion unverified",True,Original caption gives no capture occasion: https://www.theguardian.com/politics/2015/feb/06/downing-street-denies-david-cameron-diplomatic-irrelevance-ukraine-talks,True,REVIEW
A0069,134,visual_news/origin/guardian/images/0763/450.jpg,visual_news/origin/usa_today/images/0363/241.jpg,Thai Prime Minister Yingluck Shinawatra has faced widespread opposition in recent weeks,New Communist Party General Secretary Xi Jinping speaks at the press conference at the Great Hall of the People in Beijing China on Thursday,Xi Jinping takes helm of China,RELATED_DIFFERENT_EVENT,79,MEDIUM,different speech setting; query occasion unresolved,True,Capture occurrence unspecified. https://www.theguardian.com/world/2016/jan/13/china-human-rights-crackdown-arrest-peter-dahlin-swedish-activist,True,REVIEW
A0074,134,visual_news/origin/guardian/images/0763/450.jpg,visual_news/origin/bbc/images/0420/549.jpg,Thai Prime Minister Yingluck Shinawatra has faced widespread opposition in recent weeks,Papers say that Xi Jinping left is likely to discuss global security issues with Vladimir Putin,China media: Russia's role in Asia,RELATED_DIFFERENT_EVENT,79,MEDIUM,Putin meeting differs; query occasion unresolved,True,Capture occurrence unspecified. https://www.theguardian.com/world/2016/jan/13/china-human-rights-crackdown-arrest-peter-dahlin-swedish-activist,True,REVIEW
A0070,134,visual_news/origin/guardian/images/0763/450.jpg,visual_news/origin/bbc/images/0385/615.jpg,Thai Prime Minister Yingluck Shinawatra has faced widespread opposition in recent weeks,President Xi s visit to the UK has highlighted the importance of international trade,Who is trade for?,RELATED_DIFFERENT_EVENT,80,MEDIUM,UK visit differs visually; query occasion unresolved,True,Capture occurrence unspecified. https://www.theguardian.com/world/2016/jan/13/china-human-rights-crackdown-arrest-peter-dahlin-swedish-activist,True,REVIEW
A0071,134,visual_news/origin/guardian/images/0763/450.jpg,visual_news/origin/bbc/images/0480/393.jpg,Thai Prime Minister Yingluck Shinawatra has faced widespread opposition in recent weeks,Mr Xi is on an official fournation Europe tour,China media: Xi Jinping in Europe,RELATED_DIFFERENT_EVENT,81,MEDIUM,airport greeting differs; query speech occasion unresolved,True,Capture occurrence unspecified. https://www.theguardian.com/world/2016/jan/13/china-human-rights-crackdown-arrest-peter-dahlin-swedish-activist,True,REVIEW
A0001,199,visual_news/origin/usa_today/images/0374/583.jpg,visual_news/origin/usa_today/images/0133/292.jpg,European golfer Rory McIlroy who arrived late on day three of the Ryder Cup eats a breakfast bar while walking down the first fairway,Sergio Garcia of Spain celebrates after making a birdie putt on the third green during the final round of the British Open Championship,Tiger Woods finishes British Open with work to do,RELATED_DIFFERENT_EVENT,82,MEDIUM,"2014 Open, second versus final round; review granularity",True,The Open confirms Garcia final-day charge at 2014 Royal Liverpool; query is second round. https://www.theopen.com/previous-opens/143rd-open-royal-liverpool-2014,True,REVIEW
A0201,182,visual_news/origin/washington_post/images/0292/333.jpg,visual_news/origin/bbc/images/0427/172.jpg,David Cameron arrives at Corsham school in Wiltshire to kick off the Tories general election campaign,David Cameron said Sir Malcolm could put this distressing episode behind him,Sir Malcolm Rifkind and Jack Straw 'did not break lobbying rules',RELATED_DIFFERENT_EVENT,82,MEDIUM,Downing Street portrait; precise capture occasion unresolved,True,"BBC supplies a generic caption, not the photo occasion: https://www.bbc.co.uk/news/uk-politics-34279476",True,REVIEW
A0318,153,visual_news/origin/washington_post/images/0349/692.jpg,visual_news/origin/washington_post/images/0596/711.jpg,About 5000 protesters are estimated to have taken part in demonstrations in Pittsburgh during the G20 summit,Freddie Gray Jr once lived in the 1400 block of North Carey Street where he allegedly was poisoned by lead paint as a child,Freddie Gray and William Porter: Two sons of Baltimore whose lives collided,IRRELEVANT,90,HIGH,childhood-home illustration supplies no patrol-occurrence context,False,,True,REVIEW
A0174,24,visual_news/origin/guardian/images/0387/493.jpg,visual_news/origin/guardian/images/0071/777.jpg,John Paul Barry Despite his debut win over Liverpool Alan Pardew knows he s never far away from the chop,Joe Kinnear has made a turbulent start to his new role as Newcastle s director of football,Joe Kinnear attempts to salvage relationship with Newcastle fans,IRRELEVANT,91,HIGH,Newcastle affiliation only; query is a satirical montage,False,,True,REVIEW
A0204,182,visual_news/origin/washington_post/images/0292/333.jpg,visual_news/origin/bbc/images/0205/365.jpg,David Cameron arrives at Corsham school in Wiltshire to kick off the Tories general election campaign,David Cameron has previously said the EU would not work unless it could show flexibility,EU referendum: 'No' campaign group attacks rival,RELATED_DIFFERENT_EVENT,92,HIGH,different press setting; precise occasion unverified,True,BBC/archive search did not establish the pictured press occasion: https://www.bbc.co.uk/news/uk-politics-34409264,True,REVIEW
A0037,85,visual_news/origin/washington_post/images/0479/097.jpg,visual_news/origin/usa_today/images/0638/263.jpg,Relay teammates react as Michael Phelps holds his hand in the air after winning gold in the men s 4 x 200m freestyle relay,Michael Phelps celebrates with his gold medal on the podium after the men s 200meter butterfly It was the 20th gold of Phelps career,"Bored in retirement, Michael Phelps happy to be back at U.S. nationals",RELATED_DIFFERENT_EVENT,97,HIGH,"same swimmer, butterfly medal versus relay; date metadata conflicts",True,World Aquatics lists distinct 200 butterfly and 4x200 golds on 9 August 2016; image says Rio 2016 despite 2014 article timestamp. https://www.worldaquatics.com/athletes/1001621/-/medals,True,REVIEW
A0072,134,visual_news/origin/guardian/images/0763/450.jpg,visual_news/origin/guardian/images/0763/450.jpg,Thai Prime Minister Yingluck Shinawatra has faced widespread opposition in recent weeks,Chinese president Xi Jinping is widely considered to be China s most authoritarian premier in decades,China steps up human rights crackdown with arrest of foreign activist,SAME_EVENT,100,HIGH,byte-identical image; capture date remains unspecified,True,Original publisher gives no speech capture date: https://www.theguardian.com/world/2016/jan/13/china-human-rights-crackdown-arrest-peter-dahlin-swedish-activist,True,REVIEW
A0098,15,visual_news/origin/guardian/images/0841/017.jpg,visual_news/origin/guardian/images/0841/017.jpg,Uluru People do not want to spend all of their holidays looking at Ayers Rock James Packer says,Uluru People do not want to spend all of their holidays looking at Ayers Rock James Packer says,Open thread: which Australian attractions do you want to visit?,SAME_EVENT,100,HIGH,byte-identical landscape; occurrence granularity needs confirmation,False,,True,REVIEW
A0155,54,visual_news/origin/guardian/images/0216/349.jpg,visual_news/origin/guardian/images/0216/349.jpg,The Medak district of Andhra Pradesh In 15 years selfreliant organisations have empowered more than 12 million women,The Medak district of Andhra Pradesh In 15 years selfreliant organisations have empowered more than 12 million women,Building communities: how poor people are unlocking their own potential,SAME_EVENT,100,HIGH,byte-identical community illustration; precise occasion unspecified,False,,True,REVIEW
A0178,24,visual_news/origin/guardian/images/0387/493.jpg,visual_news/origin/guardian/images/0387/493.jpg,John Paul Barry Despite his debut win over Liverpool Alan Pardew knows he s never far away from the chop,John Paul Barry Despite his debut win over Liverpool Alan Pardew knows he s never far away from the chop,Mike Ashley,SAME_EVENT,100,HIGH,byte-identical satire; no literal occurrence depicted,False,,True,REVIEW
A0196,58,visual_news/origin/usa_today/images/0163/375.jpg,visual_news/origin/usa_today/images/0163/375.jpg,At Animal in Los Angeles offal is the focus think dishes such as veal brains with Vadouvan curry,At Animal in Los Angeles offal is the focus think dishes such as veal brains with Vadouvan curry,10 'Bizarre Foods' you can try in America,SAME_EVENT,100,HIGH,byte-identical dish illustration; precise occasion unspecified,False,,True,REVIEW
A0221,1,visual_news/origin/washington_post/images/0102/650.jpg,visual_news/origin/washington_post/images/0102/650.jpg,Detail of an early20th century kitchen stove on display at the Tri River Pioneer Museum in Plummer Minn,Detail of an early20th century kitchen stove on display at the Tri River Pioneer Museum in Plummer Minn,I called this place ‘America’s worst place to live.’ Then I went there.,SAME_EVENT,100,HIGH,byte-identical museum object; occurrence granularity needs confirmation,False,,True,REVIEW
