evaluation_view,analysis_view,channel,event_label,count,mean,median,std,min,max
primary_nontrivial,all_deep_reviewed,image_to_image,SAME_EVENT,1,0.7720010876655579,0.7720010876655579,,0.7720010876655579,0.7720010876655579
primary_nontrivial,all_deep_reviewed,image_to_image,RELATED_DIFFERENT_EVENT,40,0.8294185191392899,0.8262695074081421,0.08195589711909602,0.5978310108184814,0.9541537165641785
primary_nontrivial,all_deep_reviewed,image_to_image,IRRELEVANT,159,0.717262790637946,0.7283877730369568,0.06728725988261795,0.542351245880127,0.8520500659942627
primary_nontrivial,all_deep_reviewed,image_to_text,SAME_EVENT,0,,,,,
primary_nontrivial,all_deep_reviewed,image_to_text,RELATED_DIFFERENT_EVENT,49,0.3026420090879713,0.3017081022262573,0.014125310797201546,0.26899442076683044,0.34189337491989136
primary_nontrivial,all_deep_reviewed,image_to_text,IRRELEVANT,116,0.28240383557718374,0.2817951738834381,0.01787602450862665,0.23561851680278778,0.34177500009536743
primary_nontrivial,exclude_review,image_to_image,SAME_EVENT,1,0.7720010876655579,0.7720010876655579,,0.7720010876655579,0.7720010876655579
primary_nontrivial,exclude_review,image_to_image,RELATED_DIFFERENT_EVENT,31,0.8047777683504166,0.8095430731773376,0.07281054444598616,0.5978310108184814,0.9417598247528076
primary_nontrivial,exclude_review,image_to_image,IRRELEVANT,159,0.717262790637946,0.7283877730369568,0.06728725988261795,0.542351245880127,0.8520500659942627
primary_nontrivial,exclude_review,image_to_text,SAME_EVENT,0,,,,,
primary_nontrivial,exclude_review,image_to_text,RELATED_DIFFERENT_EVENT,38,0.30176492584379094,0.3002898395061493,0.014918026458645822,0.26899442076683044,0.34189337491989136
primary_nontrivial,exclude_review,image_to_text,IRRELEVANT,114,0.28226590248053535,0.2816038727760315,0.017990204775789203,0.23561851680278778,0.34177500009536743
inclusive,all_deep_reviewed,image_to_image,SAME_EVENT,1,0.7720010876655579,0.7720010876655579,,0.7720010876655579,0.7720010876655579
inclusive,all_deep_reviewed,image_to_image,RELATED_DIFFERENT_EVENT,40,0.8294185191392899,0.8262695074081421,0.08195589711909602,0.5978310108184814,0.9541537165641785
inclusive,all_deep_reviewed,image_to_image,IRRELEVANT,159,0.717262790637946,0.7283877730369568,0.06728725988261795,0.542351245880127,0.8520500659942627
inclusive,all_deep_reviewed,image_to_text,SAME_EVENT,35,0.328693151473999,0.326399028301239,0.03731237152219968,0.2706954777240753,0.42721834778785706
inclusive,all_deep_reviewed,image_to_text,RELATED_DIFFERENT_EVENT,49,0.3026420090879713,0.3017081022262573,0.014125310797201545,0.26899442076683044,0.34189337491989136
inclusive,all_deep_reviewed,image_to_text,IRRELEVANT,116,0.28240383557718374,0.2817951738834381,0.01787602450862665,0.23561851680278778,0.34177500009536743
inclusive,exclude_review,image_to_image,SAME_EVENT,1,0.7720010876655579,0.7720010876655579,,0.7720010876655579,0.7720010876655579
inclusive,exclude_review,image_to_image,RELATED_DIFFERENT_EVENT,31,0.8047777683504166,0.8095430731773376,0.07281054444598616,0.5978310108184814,0.9417598247528076
inclusive,exclude_review,image_to_image,IRRELEVANT,159,0.717262790637946,0.7283877730369568,0.06728725988261795,0.542351245880127,0.8520500659942627
inclusive,exclude_review,image_to_text,SAME_EVENT,30,0.3343967815240224,0.33664141595363617,0.036331948645336655,0.2722214460372925,0.42721834778785706
inclusive,exclude_review,image_to_text,RELATED_DIFFERENT_EVENT,38,0.30176492584379094,0.3002898395061493,0.014918026458645824,0.26899442076683044,0.34189337491989136
inclusive,exclude_review,image_to_text,IRRELEVANT,114,0.28226590248053535,0.2816038727760315,0.017990204775789206,0.23561851680278778,0.34177500009536743
