evaluation_view,analysis_view,channel,rank,at_rank_candidate_count,same_rate,relevant_rate,top_candidate_count,top_same_count,top_relevant_count,top_same_rate,top_relevant_rate,query_denominator,query_same_top_count,query_same_top_rate,query_relevant_top_count,query_relevant_top_rate
primary_nontrivial,all_deep_reviewed,image_to_image,1,40,0.0,0.275,40,0,11,0.0,0.275,40,0,0.0,11,0.275
primary_nontrivial,all_deep_reviewed,image_to_image,2,40,0.0,0.2,80,0,19,0.0,0.2375,40,0,0.0,13,0.325
primary_nontrivial,all_deep_reviewed,image_to_image,3,40,0.0,0.2,120,0,27,0.0,0.225,40,0,0.0,16,0.4
primary_nontrivial,all_deep_reviewed,image_to_image,4,40,0.025,0.225,160,1,36,0.00625,0.225,40,1,0.025,16,0.4
primary_nontrivial,all_deep_reviewed,image_to_image,5,40,0.0,0.125,200,1,41,0.005,0.205,40,1,0.025,16,0.4
primary_nontrivial,all_deep_reviewed,image_to_text,1,12,0.0,0.5,12,0,6,0.0,0.5,40,0,0.0,6,0.15
primary_nontrivial,all_deep_reviewed,image_to_text,2,37,0.0,0.35135135135135137,49,0,19,0.0,0.3877551020408163,40,0,0.0,15,0.375
primary_nontrivial,all_deep_reviewed,image_to_text,3,39,0.0,0.3076923076923077,88,0,31,0.0,0.3522727272727273,40,0,0.0,18,0.45
primary_nontrivial,all_deep_reviewed,image_to_text,4,38,0.0,0.21052631578947367,126,0,39,0.0,0.30952380952380953,40,0,0.0,19,0.475
primary_nontrivial,all_deep_reviewed,image_to_text,5,39,0.0,0.2564102564102564,165,0,49,0.0,0.296969696969697,40,0,0.0,19,0.475
primary_nontrivial,exclude_review,image_to_image,1,37,0.0,0.21621621621621623,37,0,8,0.0,0.21621621621621623,40,0,0.0,8,0.2
primary_nontrivial,exclude_review,image_to_image,2,39,0.0,0.1794871794871795,76,0,15,0.0,0.19736842105263158,40,0,0.0,11,0.275
primary_nontrivial,exclude_review,image_to_image,3,38,0.0,0.15789473684210525,114,0,21,0.0,0.18421052631578946,40,0,0.0,14,0.35
primary_nontrivial,exclude_review,image_to_image,4,39,0.02564102564102564,0.20512820512820512,153,1,29,0.006535947712418301,0.1895424836601307,40,1,0.025,15,0.375
primary_nontrivial,exclude_review,image_to_image,5,38,0.0,0.07894736842105263,191,1,32,0.005235602094240838,0.16753926701570682,40,1,0.025,15,0.375
primary_nontrivial,exclude_review,image_to_text,1,10,0.0,0.5,10,0,5,0.0,0.5,40,0,0.0,5,0.125
primary_nontrivial,exclude_review,image_to_text,2,34,0.0,0.29411764705882354,44,0,15,0.0,0.3409090909090909,40,0,0.0,12,0.3
primary_nontrivial,exclude_review,image_to_text,3,37,0.0,0.2702702702702703,81,0,25,0.0,0.30864197530864196,40,0,0.0,14,0.35
primary_nontrivial,exclude_review,image_to_text,4,34,0.0,0.14705882352941177,115,0,30,0.0,0.2608695652173913,40,0,0.0,16,0.4
primary_nontrivial,exclude_review,image_to_text,5,37,0.0,0.21621621621621623,152,0,38,0.0,0.25,40,0,0.0,16,0.4
inclusive,all_deep_reviewed,image_to_image,1,40,0.0,0.275,40,0,11,0.0,0.275,40,0,0.0,11,0.275
inclusive,all_deep_reviewed,image_to_image,2,40,0.0,0.2,80,0,19,0.0,0.2375,40,0,0.0,13,0.325
inclusive,all_deep_reviewed,image_to_image,3,40,0.0,0.2,120,0,27,0.0,0.225,40,0,0.0,16,0.4
inclusive,all_deep_reviewed,image_to_image,4,40,0.025,0.225,160,1,36,0.00625,0.225,40,1,0.025,16,0.4
inclusive,all_deep_reviewed,image_to_image,5,40,0.0,0.125,200,1,41,0.005,0.205,40,1,0.025,16,0.4
inclusive,all_deep_reviewed,image_to_text,1,40,0.7,0.85,40,28,34,0.7,0.85,40,28,0.7,34,0.85
inclusive,all_deep_reviewed,image_to_text,2,40,0.075,0.4,80,31,50,0.3875,0.625,40,31,0.775,37,0.925
inclusive,all_deep_reviewed,image_to_text,3,40,0.025,0.325,120,32,63,0.26666666666666666,0.525,40,32,0.8,38,0.95
inclusive,all_deep_reviewed,image_to_text,4,40,0.05,0.25,160,34,73,0.2125,0.45625,40,34,0.85,38,0.95
inclusive,all_deep_reviewed,image_to_text,5,40,0.025,0.275,200,35,84,0.175,0.42,40,35,0.875,38,0.95
inclusive,exclude_review,image_to_image,1,37,0.0,0.21621621621621623,37,0,8,0.0,0.21621621621621623,40,0,0.0,8,0.2
inclusive,exclude_review,image_to_image,2,39,0.0,0.1794871794871795,76,0,15,0.0,0.19736842105263158,40,0,0.0,11,0.275
inclusive,exclude_review,image_to_image,3,38,0.0,0.15789473684210525,114,0,21,0.0,0.18421052631578946,40,0,0.0,14,0.35
inclusive,exclude_review,image_to_image,4,39,0.02564102564102564,0.20512820512820512,153,1,29,0.006535947712418301,0.1895424836601307,40,1,0.025,15,0.375
inclusive,exclude_review,image_to_image,5,38,0.0,0.07894736842105263,191,1,32,0.005235602094240838,0.16753926701570682,40,1,0.025,15,0.375
inclusive,exclude_review,image_to_text,1,34,0.7058823529411765,0.8529411764705882,34,24,29,0.7058823529411765,0.8529411764705882,40,24,0.6,29,0.725
inclusive,exclude_review,image_to_text,2,37,0.08108108108108109,0.35135135135135137,71,27,42,0.38028169014084506,0.5915492957746479,40,27,0.675,32,0.8
inclusive,exclude_review,image_to_text,3,37,0.0,0.2702702702702703,108,27,52,0.25,0.48148148148148145,40,27,0.675,33,0.825
inclusive,exclude_review,image_to_text,4,36,0.05555555555555555,0.19444444444444445,144,29,59,0.2013888888888889,0.4097222222222222,40,29,0.725,33,0.825
inclusive,exclude_review,image_to_text,5,38,0.02631578947368421,0.23684210526315788,182,30,68,0.16483516483516483,0.37362637362637363,40,30,0.75,33,0.825
