query_row,query_id,channel,first_nontrivial_same_rank,same_found,max_depth_checked
199,Q0200,image_to_image,13,True,20
199,Q0200,image_to_text,18,True,20
118,Q0119,image_to_image,,False,50
118,Q0119,image_to_text,,False,50
162,Q0163,image_to_image,,False,50
162,Q0163,image_to_text,,False,50
85,Q0086,image_to_image,,False,50
85,Q0086,image_to_text,,False,50
168,Q0169,image_to_image,,False,50
168,Q0169,image_to_text,,False,50
80,Q0081,image_to_image,,False,50
80,Q0081,image_to_text,,False,50
67,Q0068,image_to_image,,False,50
67,Q0068,image_to_text,,False,50
134,Q0135,image_to_image,,False,50
134,Q0135,image_to_text,,False,50
92,Q0093,image_to_image,15,True,20
92,Q0093,image_to_text,50,True,50
195,Q0196,image_to_image,,False,50
195,Q0196,image_to_text,,False,50
15,Q0016,image_to_image,,False,50
15,Q0016,image_to_text,,False,50
147,Q0148,image_to_image,,False,50
147,Q0148,image_to_text,,False,50
115,Q0116,image_to_image,,False,50
115,Q0116,image_to_text,,False,50
104,Q0105,image_to_image,,False,50
104,Q0105,image_to_text,,False,50
26,Q0027,image_to_image,,False,50
26,Q0027,image_to_text,,False,50
44,Q0045,image_to_image,,False,50
44,Q0045,image_to_text,,False,50
54,Q0055,image_to_image,,False,50
54,Q0055,image_to_text,,False,50
86,Q0087,image_to_image,,False,50
86,Q0087,image_to_text,,False,50
24,Q0025,image_to_image,,False,50
24,Q0025,image_to_text,,False,50
42,Q0043,image_to_image,,False,50
42,Q0043,image_to_text,,False,50
58,Q0059,image_to_image,,False,50
58,Q0059,image_to_text,,False,50
182,Q0183,image_to_image,,False,50
182,Q0183,image_to_text,,False,50
145,Q0146,image_to_image,,False,50
145,Q0146,image_to_text,,False,50
1,Q0002,image_to_image,,False,50
1,Q0002,image_to_text,,False,50
36,Q0037,image_to_image,,False,50
36,Q0037,image_to_text,,False,50
106,Q0107,image_to_image,4,True,5
106,Q0107,image_to_text,48,True,48
47,Q0048,image_to_image,,False,50
47,Q0048,image_to_text,,False,50
144,Q0145,image_to_image,,False,50
144,Q0145,image_to_text,,False,50
150,Q0151,image_to_image,,False,50
150,Q0151,image_to_text,,False,50
196,Q0197,image_to_image,,False,50
196,Q0197,image_to_text,,False,50
184,Q0185,image_to_image,,False,50
184,Q0185,image_to_text,,False,50
17,Q0018,image_to_image,,False,50
17,Q0018,image_to_text,,False,50
121,Q0122,image_to_image,,False,50
121,Q0122,image_to_text,,False,50
153,Q0154,image_to_image,,False,50
153,Q0154,image_to_text,,False,50
61,Q0062,image_to_image,,False,50
61,Q0062,image_to_text,,False,50
141,Q0142,image_to_image,,False,50
141,Q0142,image_to_text,,False,50
160,Q0161,image_to_image,,False,50
160,Q0161,image_to_text,,False,50
10,Q0011,image_to_image,,False,50
10,Q0011,image_to_text,,False,50
98,Q0099,image_to_image,,False,50
98,Q0099,image_to_text,,False,50
59,Q0060,image_to_image,,False,50
59,Q0060,image_to_text,,False,50
